dataset,target,protocol,repeat,fold,r2
A,UTS,random,0,1,0.7988964063721551
A,UTS,random,0,2,0.7566573666008567
A,UTS,random,0,3,0.6488079078603135
A,UTS,random,0,4,0.7089215427027686
A,UTS,random,0,5,0.632785174217675
A,UTS,random,0,6,0.9048601086926451
A,UTS,random,0,7,0.8555366298587224
A,UTS,random,0,8,0.7130586672096398
A,UTS,random,0,9,0.8120780638785792
A,UTS,random,0,10,0.6299361599101557
A,conductivity,random,0,1,0.6774780663895942
A,conductivity,random,0,2,0.7905095203631445
A,conductivity,random,0,3,0.8501232322670218
A,conductivity,random,0,4,0.8902046623962381
A,conductivity,random,0,5,0.2956185490489234
A,conductivity,random,0,6,0.9123992880965985
A,conductivity,random,0,7,0.9015551779658507
A,conductivity,random,0,8,0.7753288478181082
A,conductivity,random,0,9,0.393502839659737
A,conductivity,random,0,10,0.6250007348995921
B,UTS,random,0,1,0.9180472693913976
B,UTS,random,0,2,0.9359704315239556
B,UTS,random,0,3,0.9952311571132036
B,UTS,random,0,4,0.8003348575285726
B,UTS,random,0,5,0.9153310687517686
B,UTS,random,0,6,0.8766139309320837
B,UTS,random,0,7,0.8999233783875242
B,UTS,random,0,8,0.8242145072012481
B,UTS,random,0,9,0.920918975798747
B,UTS,random,0,10,0.8076038577276025
B,conductivity,random,0,1,0.5419671951406004
B,conductivity,random,0,2,0.8937532114257412
B,conductivity,random,0,3,0.8283914060824557
B,conductivity,random,0,4,0.7836230120920016
B,conductivity,random,0,5,0.18011580382408698
B,conductivity,random,0,6,0.8470318291927101
B,conductivity,random,0,7,0.9351731011938164
B,conductivity,random,0,8,0.6257962397936094
B,conductivity,random,0,9,0.20279143644442899
B,conductivity,random,0,10,0.8913740216856197
A,UTS,grouped,1,1,-0.643873950772639
A,UTS,grouped,1,2,0.2069314637421551
A,UTS,grouped,1,3,0.1423610827256904
A,UTS,grouped,1,4,0.3092467125956072
A,UTS,grouped,1,5,-0.1677653356926676
A,UTS,grouped,1,6,-0.9466594075672728
A,UTS,grouped,1,7,0.4194417265981636
A,UTS,grouped,1,8,0.5699555373378502
A,UTS,grouped,1,9,0.6541989649283901
A,UTS,grouped,1,10,0.9083137037260532
A,UTS,grouped,2,1,-1.7156109081086823
A,UTS,grouped,2,2,0.7917151084496268
A,UTS,grouped,2,3,0.6665782554861519
A,UTS,grouped,2,4,0.3469912066437161
A,UTS,grouped,2,5,0.388874284462697
A,UTS,grouped,2,6,0.7335084431972576
A,UTS,grouped,2,7,0.5940309034282305
A,UTS,grouped,2,8,-2.3618185435290626
A,UTS,grouped,2,9,0.3367703176304993
A,UTS,grouped,2,10,0.0765180141231742
A,UTS,grouped,3,1,0.5584533797923421
A,UTS,grouped,3,2,0.4066335292599312
A,UTS,grouped,3,3,0.443827632603147
A,UTS,grouped,3,4,0.703956762567895
A,UTS,grouped,3,5,0.3683247031060279
A,UTS,grouped,3,6,-0.7449318973139822
A,UTS,grouped,3,7,-0.2226273888227348
A,UTS,grouped,3,8,-0.5768278340991839
A,UTS,grouped,3,9,-0.1589278769910775
A,UTS,grouped,3,10,0.7933683160629127
A,UTS,grouped,4,1,-1.0042599566149266
A,UTS,grouped,4,2,-1.87940704304232
A,UTS,grouped,4,3,0.1604623026539514
A,UTS,grouped,4,4,0.235159585900304
A,UTS,grouped,4,5,0.4057495482195034
A,UTS,grouped,4,6,0.883318277948942
A,UTS,grouped,4,7,0.5026539269886183
A,UTS,grouped,4,8,0.6594606886920672
A,UTS,grouped,4,9,-0.9267257897957104
A,UTS,grouped,4,10,-0.41654883467319
A,UTS,grouped,5,1,0.0687639935605618
A,UTS,grouped,5,2,-0.4933728929010468
A,UTS,grouped,5,3,0.2059899035645692
A,UTS,grouped,5,4,0.8391540305002461
A,UTS,grouped,5,5,0.5818450687890847
A,UTS,grouped,5,6,0.700136260983254
A,UTS,grouped,5,7,-1.67105376261723
A,UTS,grouped,5,8,-0.4597283450097227
A,UTS,grouped,5,9,0.4660631928970106
A,UTS,grouped,5,10,0.4192604472558466
A,UTS,grouped,6,1,0.4422226784670665
A,UTS,grouped,6,2,0.8325082013304748
A,UTS,grouped,6,3,-0.1347657801119917
A,UTS,grouped,6,4,0.2440593003089901
A,UTS,grouped,6,5,0.4988369608187208
A,UTS,grouped,6,6,0.5802951121657969
A,UTS,grouped,6,7,-0.1922187813969913
A,UTS,grouped,6,8,-0.1078299760266341
A,UTS,grouped,6,9,0.7589439562101766
A,UTS,grouped,6,10,0.6901724440885817
A,UTS,grouped,7,1,0.1070365606540931
A,UTS,grouped,7,2,0.3114133976461317
A,UTS,grouped,7,3,0.4714558855931607
A,UTS,grouped,7,4,-0.4643585368988467
A,UTS,grouped,7,5,-0.5206151595106696
A,UTS,grouped,7,6,-0.5436134056219157
A,UTS,grouped,7,7,-0.1178820716640731
A,UTS,grouped,7,8,0.9541396793272854
A,UTS,grouped,7,9,0.4181295708128388
A,UTS,grouped,7,10,-0.6633239728449483
A,UTS,grouped,8,1,-0.1694117928753951
A,UTS,grouped,8,2,0.5241410628588744
A,UTS,grouped,8,3,0.8033205351948031
A,UTS,grouped,8,4,0.5328608867583053
A,UTS,grouped,8,5,0.1694046905672769
A,UTS,grouped,8,6,-0.7176133151721997
A,UTS,grouped,8,7,0.8277949932117856
A,UTS,grouped,8,8,0.304915826930934
A,UTS,grouped,8,9,-0.0849940978162091
A,UTS,grouped,8,10,0.5655202404566734
A,UTS,grouped,9,1,0.4507827379125459
A,UTS,grouped,9,2,0.6110723159705318
A,UTS,grouped,9,3,-0.9873406388526422
A,UTS,grouped,9,4,0.6309394612861301
A,UTS,grouped,9,5,-2.08339792888347
A,UTS,grouped,9,6,0.3621009651428147
A,UTS,grouped,9,7,0.2387698219323804
A,UTS,grouped,9,8,-7.069966012979878
A,UTS,grouped,9,9,-1.3686890194012578
A,UTS,grouped,9,10,0.121930331507347
A,UTS,grouped,10,1,-0.0035260367582701
A,UTS,grouped,10,2,0.90021819059458
A,UTS,grouped,10,3,0.6094191420553774
A,UTS,grouped,10,4,0.3431430116767606
A,UTS,grouped,10,5,0.5713725653645167
A,UTS,grouped,10,6,0.0911421389538559
A,UTS,grouped,10,7,-0.923830941830561
A,UTS,grouped,10,8,0.4201351319931921
A,UTS,grouped,10,9,0.5373432755529246
A,UTS,grouped,10,10,0.3330898770191905
A,conductivity,grouped,1,1,0.5626185725082518
A,conductivity,grouped,1,2,0.4204710454358827
A,conductivity,grouped,1,3,0.3241072666693452
A,conductivity,grouped,1,4,-0.3826710201314607
A,conductivity,grouped,1,5,0.3414616085740074
A,conductivity,grouped,1,6,0.7188403853954537
A,conductivity,grouped,1,7,0.4767549412844324
A,conductivity,grouped,1,8,0.4611733559674728
A,conductivity,grouped,1,9,-2.3014973701367367
A,conductivity,grouped,1,10,0.948513047565386
A,conductivity,grouped,2,1,-1.0424491087052643
A,conductivity,grouped,2,2,0.6746017730459971
A,conductivity,grouped,2,3,0.9154081782512864
A,conductivity,grouped,2,4,0.5212639099094066
A,conductivity,grouped,2,5,0.7044434289034927
A,conductivity,grouped,2,6,0.3140897110035037
A,conductivity,grouped,2,7,0.7602794332882332
A,conductivity,grouped,2,8,-0.2817912424404736
A,conductivity,grouped,2,9,0.4230694573732448
A,conductivity,grouped,2,10,0.7139093399786114
A,conductivity,grouped,3,1,0.4210560537872635
A,conductivity,grouped,3,2,0.6046226793948333
A,conductivity,grouped,3,3,0.0131166220267541
A,conductivity,grouped,3,4,0.2633232961972039
A,conductivity,grouped,3,5,0.6734425299130451
A,conductivity,grouped,3,6,0.9485742290980136
A,conductivity,grouped,3,7,0.3161564048944396
A,conductivity,grouped,3,8,0.6086526620344025
A,conductivity,grouped,3,9,0.8537406586133508
A,conductivity,grouped,3,10,0.3460642388424078
A,conductivity,grouped,4,1,0.7416569644364213
A,conductivity,grouped,4,2,0.2345299670441616
A,conductivity,grouped,4,3,0.5205565771179944
A,conductivity,grouped,4,4,0.539148323869116
A,conductivity,grouped,4,5,0.0464685244297481
A,conductivity,grouped,4,6,0.3821385178186828
A,conductivity,grouped,4,7,0.4152436426567339
A,conductivity,grouped,4,8,0.4657671524191173
A,conductivity,grouped,4,9,0.8139660798123255
A,conductivity,grouped,4,10,0.5321638879932252
A,conductivity,grouped,5,1,0.6197166121275361
A,conductivity,grouped,5,2,0.8723515564236378
A,conductivity,grouped,5,3,0.6857328640060578
A,conductivity,grouped,5,4,0.4321486595568474
A,conductivity,grouped,5,5,0.2910073706431336
A,conductivity,grouped,5,6,-0.0709811728160838
A,conductivity,grouped,5,7,0.7322890744189178
A,conductivity,grouped,5,8,0.5458999434564
A,conductivity,grouped,5,9,-0.0511032667563493
A,conductivity,grouped,5,10,0.0001165648182028
A,conductivity,grouped,6,1,0.1880743182059417
A,conductivity,grouped,6,2,0.438510733065573
A,conductivity,grouped,6,3,0.7646868370842372
A,conductivity,grouped,6,4,0.6708367360062251
A,conductivity,grouped,6,5,0.4692012737090931
A,conductivity,grouped,6,6,-0.7310017970968268
A,conductivity,grouped,6,7,0.8270196769095365
A,conductivity,grouped,6,8,0.7306542907349496
A,conductivity,grouped,6,9,0.3056122386021137
A,conductivity,grouped,6,10,0.800840618481533
A,conductivity,grouped,7,1,0.5413004765881686
A,conductivity,grouped,7,2,0.3249417907832965
A,conductivity,grouped,7,3,0.3545594424525079
A,conductivity,grouped,7,4,0.7658823186382488
A,conductivity,grouped,7,5,0.5455752588049432
A,conductivity,grouped,7,6,0.3889834878155197
A,conductivity,grouped,7,7,0.7408815179927607
A,conductivity,grouped,7,8,-0.0280944767803053
A,conductivity,grouped,7,9,-0.4412240681815835
A,conductivity,grouped,7,10,0.5015217767859972
A,conductivity,grouped,8,1,0.7521585475337587
A,conductivity,grouped,8,2,0.3245541856645576
A,conductivity,grouped,8,3,0.1379306338419781
A,conductivity,grouped,8,4,0.8465012587571115
A,conductivity,grouped,8,5,0.0665122857617166
A,conductivity,grouped,8,6,0.6393374518349382
A,conductivity,grouped,8,7,0.8111519016438434
A,conductivity,grouped,8,8,-1.1047659847279272
A,conductivity,grouped,8,9,0.912266486314353
A,conductivity,grouped,8,10,0.2265010958992587
A,conductivity,grouped,9,1,-0.0565163852269439
A,conductivity,grouped,9,2,0.4395802041848754
A,conductivity,grouped,9,3,0.797140342416916
A,conductivity,grouped,9,4,0.8296342949618115
A,conductivity,grouped,9,5,0.5727323795022989
A,conductivity,grouped,9,6,-0.3387546148845257
A,conductivity,grouped,9,7,0.8491087866141409
A,conductivity,grouped,9,8,0.4256090026414187
A,conductivity,grouped,9,9,0.172311524651693
A,conductivity,grouped,9,10,0.6935157146127455
A,conductivity,grouped,10,1,0.3883970883008431
A,conductivity,grouped,10,2,0.3889980300230279
A,conductivity,grouped,10,3,0.3646574111880619
A,conductivity,grouped,10,4,0.776244728901976
A,conductivity,grouped,10,5,0.6323592870517323
A,conductivity,grouped,10,6,-0.8098624526340066
A,conductivity,grouped,10,7,-0.4606848505284304
A,conductivity,grouped,10,8,0.820742686648573
A,conductivity,grouped,10,9,0.407003055660141
A,conductivity,grouped,10,10,0.6952646499339915
B,UTS,grouped,1,1,0.6738474271499718
B,UTS,grouped,1,2,0.754395222573147
B,UTS,grouped,1,3,-0.0440477332801678
B,UTS,grouped,1,4,0.8549558591517598
B,UTS,grouped,1,5,0.8931428367674644
B,UTS,grouped,1,6,0.8407855948050394
B,UTS,grouped,1,7,0.8701355039903681
B,UTS,grouped,1,8,0.8116198624943517
B,UTS,grouped,1,9,-0.5044968914489503
B,UTS,grouped,1,10,0.6169492440530362
B,UTS,grouped,2,1,-0.0813514147838985
B,UTS,grouped,2,2,0.382174702747048
B,UTS,grouped,2,3,0.6069567019799536
B,UTS,grouped,2,4,0.6203347565931967
B,UTS,grouped,2,5,0.8639124978421081
B,UTS,grouped,2,6,0.8414280497798299
B,UTS,grouped,2,7,0.5121738129783638
B,UTS,grouped,2,8,0.6105815232863014
B,UTS,grouped,2,9,0.5127369281633163
B,UTS,grouped,2,10,0.7997376530473426
B,UTS,grouped,3,1,0.7426283463578225
B,UTS,grouped,3,2,0.9553306851270204
B,UTS,grouped,3,3,0.8279867698517421
B,UTS,grouped,3,4,0.4900182007649574
B,UTS,grouped,3,5,0.3773925386210275
B,UTS,grouped,3,6,0.2852743409438244
B,UTS,grouped,3,7,0.5896482381655905
B,UTS,grouped,3,8,0.8876060578655293
B,UTS,grouped,3,9,0.86007649186011
B,UTS,grouped,3,10,0.8346247819470418
B,UTS,grouped,4,1,0.6403985688813179
B,UTS,grouped,4,2,0.3146513955390361
B,UTS,grouped,4,3,0.8974307187896999
B,UTS,grouped,4,4,0.1984808059548333
B,UTS,grouped,4,5,0.82799894505549
B,UTS,grouped,4,6,0.6672399246024775
B,UTS,grouped,4,7,0.5716762457585312
B,UTS,grouped,4,8,0.5924467716248416
B,UTS,grouped,4,9,0.7526793912621286
B,UTS,grouped,4,10,0.7575738830935501
B,UTS,grouped,5,1,0.7198521389990384
B,UTS,grouped,5,2,0.65903035211706
B,UTS,grouped,5,3,0.8142386049337909
B,UTS,grouped,5,4,0.6225999980857541
B,UTS,grouped,5,5,0.8758340893606035
B,UTS,grouped,5,6,0.7242853909759135
B,UTS,grouped,5,7,0.6096805726965221
B,UTS,grouped,5,8,0.3267189302732728
B,UTS,grouped,5,9,0.3559025226229587
B,UTS,grouped,5,10,-0.124479566742701
B,UTS,grouped,6,1,0.8173569791097514
B,UTS,grouped,6,2,0.6161958746089443
B,UTS,grouped,6,3,0.1832321752203068
B,UTS,grouped,6,4,0.7007397737206148
B,UTS,grouped,6,5,0.8538940656776136
B,UTS,grouped,6,6,0.5435739233662011
B,UTS,grouped,6,7,0.6293597783674185
B,UTS,grouped,6,8,0.8177265961320854
B,UTS,grouped,6,9,0.1967613650046131
B,UTS,grouped,6,10,0.7931508133265713
B,UTS,grouped,7,1,0.4263436970443016
B,UTS,grouped,7,2,0.8923057148780301
B,UTS,grouped,7,3,0.537778373620418
B,UTS,grouped,7,4,-0.5020215650493061
B,UTS,grouped,7,5,0.5593153642902945
B,UTS,grouped,7,6,0.1001495400899125
B,UTS,grouped,7,7,0.2695809474478414
B,UTS,grouped,7,8,0.5671723399171451
B,UTS,grouped,7,9,0.3996932064239833
B,UTS,grouped,7,10,0.8221799542842925
B,UTS,grouped,8,1,0.9829746700267654
B,UTS,grouped,8,2,0.1546999663749183
B,UTS,grouped,8,3,0.367697432318233
B,UTS,grouped,8,4,0.7814667987486611
B,UTS,grouped,8,5,0.5418570727279683
B,UTS,grouped,8,6,0.2299285362415833
B,UTS,grouped,8,7,0.1500547929960566
B,UTS,grouped,8,8,0.5178562846668594
B,UTS,grouped,8,9,0.5151427332961815
B,UTS,grouped,8,10,0.4779783804302336
B,UTS,grouped,9,1,0.5319084030819392
B,UTS,grouped,9,2,0.8883173741571253
B,UTS,grouped,9,3,0.4935288918599627
B,UTS,grouped,9,4,0.4696516214377023
B,UTS,grouped,9,5,0.7885316782067594
B,UTS,grouped,9,6,-0.4700814538178577
B,UTS,grouped,9,7,0.8549329094248838
B,UTS,grouped,9,8,0.8777290683444561
B,UTS,grouped,9,9,0.7118766113328027
B,UTS,grouped,9,10,0.1959762876768862
B,UTS,grouped,10,1,0.2038076654604209
B,UTS,grouped,10,2,0.6360866048154672
B,UTS,grouped,10,3,0.3056155954960646
B,UTS,grouped,10,4,0.8095558771212363
B,UTS,grouped,10,5,0.3145053744002057
B,UTS,grouped,10,6,0.6500627244515542
B,UTS,grouped,10,7,0.8463391985449787
B,UTS,grouped,10,8,0.5621394987590885
B,UTS,grouped,10,9,-0.1553765948410423
B,UTS,grouped,10,10,0.8868116527715968
B,conductivity,grouped,1,1,0.5920792450422989
B,conductivity,grouped,1,2,0.7499524309496113
B,conductivity,grouped,1,3,0.4287432825783531
B,conductivity,grouped,1,4,0.9373955992543588
B,conductivity,grouped,1,5,0.6356601316713283
B,conductivity,grouped,1,6,-0.6107247067026251
B,conductivity,grouped,1,7,0.7967134700738118
B,conductivity,grouped,1,8,0.2217217438537758
B,conductivity,grouped,1,9,0.3954172868981731
B,conductivity,grouped,1,10,0.2280146718820165
B,conductivity,grouped,2,1,0.3914821924402707
B,conductivity,grouped,2,2,0.9164678447049406
B,conductivity,grouped,2,3,0.3584773458550164
B,conductivity,grouped,2,4,0.8223279161190782
B,conductivity,grouped,2,5,0.4051682106768559
B,conductivity,grouped,2,6,0.1958076879874553
B,conductivity,grouped,2,7,0.1491334585513295
B,conductivity,grouped,2,8,0.8540289456310854
B,conductivity,grouped,2,9,-1.3396954387306854
B,conductivity,grouped,2,10,0.6955940011413384
B,conductivity,grouped,3,1,0.4536239990904843
B,conductivity,grouped,3,2,0.5942464079484566
B,conductivity,grouped,3,3,0.8047178122970751
B,conductivity,grouped,3,4,0.8441427988448814
B,conductivity,grouped,3,5,0.3232602134981331
B,conductivity,grouped,3,6,0.6682231976914982
B,conductivity,grouped,3,7,0.5409425283654213
B,conductivity,grouped,3,8,-3.529855735928856
B,conductivity,grouped,3,9,0.3848999794973302
B,conductivity,grouped,3,10,0.4637015427734675
B,conductivity,grouped,4,1,0.806306047868381
B,conductivity,grouped,4,2,-0.2175616898573906
B,conductivity,grouped,4,3,0.5516659527891197
B,conductivity,grouped,4,4,0.7870313273057724
B,conductivity,grouped,4,5,0.345699002654339
B,conductivity,grouped,4,6,0.550122866165628
B,conductivity,grouped,4,7,0.5558602135431612
B,conductivity,grouped,4,8,0.8314408636908126
B,conductivity,grouped,4,9,0.4258616906764872
B,conductivity,grouped,4,10,-0.1471531062508273
B,conductivity,grouped,5,1,0.8454533615247083
B,conductivity,grouped,5,2,0.5527121708339344
B,conductivity,grouped,5,3,-1.0183490185797357
B,conductivity,grouped,5,4,0.6098622140703318
B,conductivity,grouped,5,5,0.6440657806205958
B,conductivity,grouped,5,6,0.2285795315279779
B,conductivity,grouped,5,7,0.9351682979163416
B,conductivity,grouped,5,8,0.1810024292870368
B,conductivity,grouped,5,9,0.9136032732312483
B,conductivity,grouped,5,10,0.113301096327695
B,conductivity,grouped,6,1,0.6177387985721574
B,conductivity,grouped,6,2,0.7099976605773366
B,conductivity,grouped,6,3,0.3863967544034035
B,conductivity,grouped,6,4,0.32211761416692
B,conductivity,grouped,6,5,-0.3503899408047402
B,conductivity,grouped,6,6,0.957692935176168
B,conductivity,grouped,6,7,-0.7006184937321493
B,conductivity,grouped,6,8,0.1896447051339861
B,conductivity,grouped,6,9,0.9554570538676068
B,conductivity,grouped,6,10,0.8098739624720007
B,conductivity,grouped,7,1,0.8031446667037563
B,conductivity,grouped,7,2,0.4997999155903817
B,conductivity,grouped,7,3,0.1605865013942198
B,conductivity,grouped,7,4,0.3481181785283906
B,conductivity,grouped,7,5,0.4342967881064531
B,conductivity,grouped,7,6,0.4455309583458967
B,conductivity,grouped,7,7,0.4485634061157423
B,conductivity,grouped,7,8,0.7130949856818989
B,conductivity,grouped,7,9,0.7896284012138745
B,conductivity,grouped,7,10,0.1447406109646404
B,conductivity,grouped,8,1,0.4022472813862495
B,conductivity,grouped,8,2,0.6566827750206095
B,conductivity,grouped,8,3,0.7283064712380929
B,conductivity,grouped,8,4,0.3548875017042118
B,conductivity,grouped,8,5,0.1862730375389646
B,conductivity,grouped,8,6,0.8433503820039059
B,conductivity,grouped,8,7,0.8633041338733852
B,conductivity,grouped,8,8,0.7884780018352109
B,conductivity,grouped,8,9,0.7978378202272911
B,conductivity,grouped,8,10,-1.993268659811854
B,conductivity,grouped,9,1,0.7282763844216978
B,conductivity,grouped,9,2,0.6444285373638755
B,conductivity,grouped,9,3,0.5498144559638927
B,conductivity,grouped,9,4,-1.305365345353751
B,conductivity,grouped,9,5,-0.026016554112396
B,conductivity,grouped,9,6,0.7882994286897115
B,conductivity,grouped,9,7,0.7977730817708066
B,conductivity,grouped,9,8,0.8675086029674399
B,conductivity,grouped,9,9,0.8679821783076699
B,conductivity,grouped,9,10,0.8735561929368579
B,conductivity,grouped,10,1,0.8630502189575967
B,conductivity,grouped,10,2,0.6181252948969909
B,conductivity,grouped,10,3,0.8390723675653158
B,conductivity,grouped,10,4,-0.6556901265193291
B,conductivity,grouped,10,5,0.3285963242286247
B,conductivity,grouped,10,6,0.0754326060634567
B,conductivity,grouped,10,7,0.409366535257804
B,conductivity,grouped,10,8,0.6471287863906492
B,conductivity,grouped,10,9,0.5638084280709288
B,conductivity,grouped,10,10,0.7141181208486043
