Ni,Si,Ce,La,cold_rolling_strain,solution_T,solution_t,aging_T,aging_t,UTS,conductivity,is_cold_rolled,is_solution,is_aged,log_Ni,log_Si,log_Ce,log_La,precipitation_index
2.5,0.5,0.0,0.0,-1.0,-1,-1.0,-1,-1.0,,,0,0,0,0.9162907322741553,-0.6931471785599453,-20.72326583694641,-20.72326583694641,0
2.5,1.0,0.0,0.0,-1.0,-1,-1.0,-1,-1.0,274.5,,0,0,0,0.9162907322741553,1.000000082240371e-09,-20.72326583694641,-20.72326583694641,0
2.5,1.5,0.0,0.0,-1.0,-1,-1.0,-1,-1.0,287.4,,0,0,0,0.9162907322741553,0.4054651087748311,-20.72326583694641,-20.72326583694641,0
2.5,0.5,0.0,0.0,-1.0,900,1.0,450,6.0,597.0,,0,1,1,0.9162907322741553,-0.6931471785599453,-20.72326583694641,-20.72326583694641,2
2.5,1.0,0.0,0.0,-1.0,900,1.0,450,6.0,573.705,,0,1,1,0.9162907322741553,1.000000082240371e-09,-20.72326583694641,-20.72326583694641,2
2.5,1.5,0.0,0.0,-1.0,900,1.0,450,6.0,449.0,,0,1,1,0.9162907322741553,0.4054651087748311,-20.72326583694641,-20.72326583694641,2
2.39,0.63,0.0,0.0,-1.0,-1,-1.0,-1,-1.0,400.5,48.5,0,0,0,0.8712933663618294,-0.4620354580092571,-20.72326583694641,-20.72326583694641,0
2.36,0.63,0.0,0.07,-1.0,-1,-1.0,-1,-1.0,381.0,47.3,0,0,0,0.8586616194612475,-0.4620354580092571,-20.72326583694641,-2.659260022647064,0
2.38,0.63,0.0,0.11,-1.0,-1,-1.0,-1,-1.0,369.5,47.1,0,0,0,0.8671004881035513,-0.4620354580092571,-20.72326583694641,-2.207274904098812,0
2.42,0.64,0.0,0.15,-1.0,-1,-1.0,-1,-1.0,373.0,46.5,0,0,0,0.8837675405818182,-0.4462871010659195,-20.72326583694641,-1.897119978219215,0
2.58,0.62,0.0,0.0,-1.0,-1,-1.0,-1,-1.0,403.0,26.9,0,0,0,0.947789399321123,-0.4780357993300967,-20.72326583694641,-20.72326583694641,0
2.61,0.62,0.0,0.1,-1.0,-1,-1.0,-1,-1.0,430.0,,0,0,0,0.9593502217177438,-0.4780357993300967,-20.72326583694641,-2.302585082994046,0
2.57,0.62,0.0,0.5,-1.0,-1,-1.0,-1,-1.0,,31.7,0,0,0,0.9439058992962336,-0.4780357993300967,-20.72326583694641,-0.6931471785599453,0
2.61,0.62,0.0,0.1,60.0,900,1.5,-1,-1.0,,,1,1,0,0.9593502217177438,-0.4780357993300967,-20.72326583694641,-2.302585082994046,2
2.61,0.62,0.0,0.1,60.0,900,1.5,430,0.5,,,1,1,1,0.9593502217177438,-0.4780357993300967,-20.72326583694641,-2.302585082994046,3
2.61,0.62,0.0,0.1,60.0,900,1.5,430,2.0,,,1,1,1,0.9593502217177438,-0.4780357993300967,-20.72326583694641,-2.302585082994046,3
3.0,0.64,0.0,0.0,-1.0,-1,-1.0,-1,-1.0,280.0,38.5,0,0,0,1.098612289001443,-0.4462871010659195,-20.72326583694641,-20.72326583694641,0
3.0,0.64,0.04,0.0,-1.0,-1,-1.0,-1,-1.0,340.0,39.2,0,0,0,1.098612289001443,-0.4462871010659195,-3.218875799868201,-20.72326583694641,0
3.0,0.64,0.06,0.0,-1.0,-1,-1.0,-1,-1.0,355.0,39.0,0,0,0,1.098612289001443,-0.4462871010659195,-2.81341070009337,-20.72326583694641,0
3.0,0.64,0.08,0.0,-1.0,-1,-1.0,-1,-1.0,325.0,38.2,0,0,0,1.098612289001443,-0.4462871010659195,-2.525728631808255,-20.72326583694641,0
3.0,0.64,0.0,0.0,-1.0,-1,-1.0,-1,-1.0,292.14,26.9,0,0,0,1.098612289001443,-0.4462871010659195,-20.72326583694641,-20.72326583694641,0
3.0,0.64,0.033,0.0,-1.0,-1,-1.0,-1,-1.0,337.79,25.9,0,0,0,1.098612289001443,-0.4462871010659195,-3.411247687212627,-20.72326583694641,0
3.0,0.64,0.049,0.0,-1.0,-1,-1.0,-1,-1.0,411.0,26.3,0,0,0,1.098612289001443,-0.4462871010659195,-3.015934960463347,-20.72326583694641,0
3.0,0.64,0.065,0.0,-1.0,-1,-1.0,-1,-1.0,228.5,31.0,0,0,0,1.098612289001443,-0.4462871010659195,-2.733367993701885,-20.72326583694641,0
2.43,0.56,0.0,0.0,-1.0,-1,-1.0,-1,-1.0,412.5,,0,0,0,0.8878912577639798,-0.5798184934672278,-20.72326583694641,-20.72326583694641,0
2.48,0.51,0.0,0.044,-1.0,-1,-1.0,-1,-1.0,444.8,,0,0,0,0.9082585605801168,-0.6733445513029813,-20.72326583694641,-3.123565622336603,0
2.42,0.58,0.0,0.17,-1.0,-1,-1.0,-1,-1.0,338.5,,0,0,0,0.8837675405818182,-0.5447271737175342,-20.72326583694641,-1.771956836049522,0
2.48,0.48,0.0,0.22,-1.0,-1,-1.0,-1,-1.0,439.4,,0,0,0,0.9082585605801168,-0.733969172996867,-20.72326583694641,-1.514127728084321,0
2.5,0.47,0.0,0.45,-1.0,-1,-1.0,-1,-1.0,313.6,,0,0,0,0.9162907322741553,-0.7550225821503732,-20.72326583694641,-0.7985076939955493,0
2.3,0.44,0.0,0.0,18.4,-1,-1.0,-1,-1.0,,24.05,1,0,0,0.8329091233698865,-0.8209805497971029,-20.72326583694641,-20.72326583694641,1
2.3,0.44,0.0,0.0,35.0,-1,-1.0,-1,-1.0,,23.63,1,0,0,0.8329091233698865,-0.8209805497971029,-20.72326583694641,-20.72326583694641,1
2.3,0.44,0.0,0.0,63.8,-1,-1.0,-1,-1.0,,23.37,1,0,0,0.8329091233698865,-0.8209805497971029,-20.72326583694641,-20.72326583694641,1
2.3,0.44,0.0,0.0,80.0,-1,-1.0,-1,-1.0,500.0,22.94,1,0,0,0.8329091233698865,-0.8209805497971029,-20.72326583694641,-20.72326583694641,1
2.3,0.44,0.0,0.0,18.4,-1,-1.0,500,1.0,,43.31,1,0,1,0.8329091233698865,-0.8209805497971029,-20.72326583694641,-20.72326583694641,2
2.3,0.44,0.0,0.0,35.0,-1,-1.0,500,1.0,,43.8,1,0,1,0.8329091233698865,-0.8209805497971029,-20.72326583694641,-20.72326583694641,2
2.3,0.44,0.0,0.0,63.8,-1,-1.0,500,1.0,,44.8,1,0,1,0.8329091233698865,-0.8209805497971029,-20.72326583694641,-20.72326583694641,2
2.3,0.44,0.0,0.0,80.0,-1,-1.0,500,1.0,638.24,46.37,1,0,1,0.8329091233698865,-0.8209805497971029,-20.72326583694641,-20.72326583694641,2
3.2,0.725,0.0,0.0,40.0,-1,-1.0,400,4.0,708.0,25.5,1,0,1,1.163150810118181,-0.321583622748152,-20.72326583694641,-20.72326583694641,2
3.2,0.725,0.0,0.0,40.0,-1,-1.0,410,4.0,715.0,26.0,1,0,1,1.163150810118181,-0.321583622748152,-20.72326583694641,-20.72326583694641,2
3.2,0.725,0.0,0.0,40.0,-1,-1.0,420,4.0,727.0,26.5,1,0,1,1.163150810118181,-0.321583622748152,-20.72326583694641,-20.72326583694641,2
3.2,0.725,0.0,0.0,40.0,-1,-1.0,430,4.0,737.0,27.0,1,0,1,1.163150810118181,-0.321583622748152,-20.72326583694641,-20.72326583694641,2
3.2,0.725,0.0,0.0,40.0,-1,-1.0,440,4.0,720.0,27.3,1,0,1,1.163150810118181,-0.321583622748152,-20.72326583694641,-20.72326583694641,2
3.2,0.725,0.0,0.0,40.0,-1,-1.0,450,4.0,707.0,27.7,1,0,1,1.163150810118181,-0.321583622748152,-20.72326583694641,-20.72326583694641,2
3.2,0.725,0.0,0.0,40.0,-1,-1.0,400,6.0,710.0,26.0,1,0,1,1.163150810118181,-0.321583622748152,-20.72326583694641,-20.72326583694641,2
3.2,0.725,0.0,0.0,40.0,-1,-1.0,400,8.0,712.0,26.5,1,0,1,1.163150810118181,-0.321583622748152,-20.72326583694641,-20.72326583694641,2
3.2,0.725,0.0,0.0,40.0,-1,-1.0,400,10.0,715.0,27.0,1,0,1,1.163150810118181,-0.321583622748152,-20.72326583694641,-20.72326583694641,2
3.2,0.725,0.0,0.0,40.0,-1,-1.0,410,6.0,718.0,26.5,1,0,1,1.163150810118181,-0.321583622748152,-20.72326583694641,-20.72326583694641,2
3.2,0.725,0.0,0.0,40.0,-1,-1.0,410,8.0,722.0,27.0,1,0,1,1.163150810118181,-0.321583622748152,-20.72326583694641,-20.72326583694641,2
3.2,0.725,0.0,0.0,40.0,-1,-1.0,410,10.0,725.0,27.5,1,0,1,1.163150810118181,-0.321583622748152,-20.72326583694641,-20.72326583694641,2
3.2,0.725,0.0,0.0,40.0,-1,-1.0,420,6.0,725.0,27.0,1,0,1,1.163150810118181,-0.321583622748152,-20.72326583694641,-20.72326583694641,2
3.2,0.725,0.0,0.0,40.0,-1,-1.0,420,8.0,724.0,27.5,1,0,1,1.163150810118181,-0.321583622748152,-20.72326583694641,-20.72326583694641,2
3.2,0.725,0.0,0.0,40.0,-1,-1.0,420,10.0,723.0,28.0,1,0,1,1.163150810118181,-0.321583622748152,-20.72326583694641,-20.72326583694641,2
3.2,0.725,0.0,0.0,40.0,-1,-1.0,430,6.0,735.0,27.5,1,0,1,1.163150810118181,-0.321583622748152,-20.72326583694641,-20.72326583694641,2
3.2,0.725,0.0,0.0,40.0,-1,-1.0,430,8.0,730.0,28.0,1,0,1,1.163150810118181,-0.321583622748152,-20.72326583694641,-20.72326583694641,2
3.2,0.725,0.0,0.0,40.0,-1,-1.0,430,10.0,720.0,28.5,1,0,1,1.163150810118181,-0.321583622748152,-20.72326583694641,-20.72326583694641,2
3.2,0.725,0.0,0.0,40.0,-1,-1.0,440,6.0,715.0,28.0,1,0,1,1.163150810118181,-0.321583622748152,-20.72326583694641,-20.72326583694641,2
3.2,0.725,0.0,0.0,40.0,-1,-1.0,440,8.0,710.0,28.5,1,0,1,1.163150810118181,-0.321583622748152,-20.72326583694641,-20.72326583694641,2
3.2,0.725,0.0,0.0,40.0,-1,-1.0,440,10.0,705.0,29.0,1,0,1,1.163150810118181,-0.321583622748152,-20.72326583694641,-20.72326583694641,2
3.2,0.725,0.0,0.0,40.0,-1,-1.0,450,6.0,700.0,28.5,1,0,1,1.163150810118181,-0.321583622748152,-20.72326583694641,-20.72326583694641,2
3.2,0.725,0.0,0.0,40.0,-1,-1.0,450,8.0,695.0,29.0,1,0,1,1.163150810118181,-0.321583622748152,-20.72326583694641,-20.72326583694641,2
3.2,0.725,0.0,0.0,40.0,-1,-1.0,450,10.0,690.0,29.5,1,0,1,1.163150810118181,-0.321583622748152,-20.72326583694641,-20.72326583694641,2
3.2,0.725,0.0,0.0,40.0,-1,-1.0,410,6.0,728.0,25.1,1,0,1,1.163150810118181,-0.321583622748152,-20.72326583694641,-20.72326583694641,2
3.2,0.725,0.0,0.0,40.0,-1,-1.0,410,6.0,729.0,25.3,1,0,1,1.163150810118181,-0.321583622748152,-20.72326583694641,-20.72326583694641,2
3.2,0.725,0.0,0.0,40.0,-1,-1.0,410,6.0,730.0,25.42,1,0,1,1.163150810118181,-0.321583622748152,-20.72326583694641,-20.72326583694641,2
3.2,0.725,0.0,0.0,40.0,-1,-1.0,410,6.0,732.0,25.67,1,0,1,1.163150810118181,-0.321583622748152,-20.72326583694641,-20.72326583694641,2
3.2,0.725,0.0,0.0,40.0,-1,-1.0,410,6.0,733.0,25.37,1,0,1,1.163150810118181,-0.321583622748152,-20.72326583694641,-20.72326583694641,2
3.2,0.725,0.0,0.0,40.0,-1,-1.0,410,6.0,744.0,25.93,1,0,1,1.163150810118181,-0.321583622748152,-20.72326583694641,-20.72326583694641,2
3.2,0.725,0.0,0.0,40.0,-1,-1.0,410,6.0,734.0,26.78,1,0,1,1.163150810118181,-0.321583622748152,-20.72326583694641,-20.72326583694641,2
3.2,0.725,0.0,0.0,40.0,-1,-1.0,410,6.0,715.0,27.75,1,0,1,1.163150810118181,-0.321583622748152,-20.72326583694641,-20.72326583694641,2
3.2,0.725,0.0,0.0,40.0,-1,-1.0,410,6.0,715.0,24.7,1,0,1,1.163150810118181,-0.321583622748152,-20.72326583694641,-20.72326583694641,2
3.2,0.725,0.0,0.0,40.0,-1,-1.0,410,6.0,745.0,25.35,1,0,1,1.163150810118181,-0.321583622748152,-20.72326583694641,-20.72326583694641,2
3.2,0.725,0.0,0.0,40.0,-1,-1.0,410,6.0,744.0,25.36,1,0,1,1.163150810118181,-0.321583622748152,-20.72326583694641,-20.72326583694641,2
1.37,0.28,0.0,0.0,-1.0,-1,-1.0,485,6.0,356.0,60.8,0,0,1,0.3148107405699607,-1.272965672241459,-20.72326583694641,-20.72326583694641,1
1.37,0.28,0.0,0.0,-1.0,930,-1.0,485,6.0,537.0,52.2,0,1,1,0.3148107405699607,-1.272965672241459,-20.72326583694641,-20.72326583694641,2
1.37,0.28,0.0,0.0,-1.0,760,0.5,485,6.0,530.0,51.5,0,1,1,0.3148107405699607,-1.272965672241459,-20.72326583694641,-20.72326583694641,2
1.37,0.28,0.0,0.0,30.6,930,-1.0,485,6.0,579.0,52.2,1,1,1,0.3148107405699607,-1.272965672241459,-20.72326583694641,-20.72326583694641,3
1.37,0.28,0.0,0.0,30.6,930,-1.0,485,6.0,540.0,53.1,1,1,1,0.3148107405699607,-1.272965672241459,-20.72326583694641,-20.72326583694641,3
1.2,0.4,0.0,0.0,-1.0,-1,-1.0,450,8.0,,,0,0,1,0.182321557627288,-0.9162907293741548,-20.72326583694641,-20.72326583694641,1
1.6,0.4,0.0,0.0,-1.0,-1,-1.0,450,12.0,,,0,0,1,0.4700036298707357,-0.9162907293741548,-20.72326583694641,-20.72326583694641,1
2.0,0.4,0.0,0.0,-1.0,-1,-1.0,450,12.0,,,0,0,1,0.6931471810599453,-0.9162907293741548,-20.72326583694641,-20.72326583694641,1
2.4,0.4,0.0,0.0,-1.0,-1,-1.0,450,12.0,,,0,0,1,0.8754687377705666,-0.9162907293741548,-20.72326583694641,-20.72326583694641,1
2.8,0.4,0.0,0.0,-1.0,-1,-1.0,450,12.0,,,0,0,1,1.029619417538301,-0.9162907293741548,-20.72326583694641,-20.72326583694641,1
3.0,0.6,0.0,0.0,-1.0,-1,-1.0,-1,-1.0,,,0,0,0,1.098612289001443,-0.5108256220993241,-20.72326583694641,-20.72326583694641,0
3.0,0.6,0.0,0.0,-1.0,-1,-1.0,450,12.0,,,0,0,1,1.098612289001443,-0.5108256220993241,-20.72326583694641,-20.72326583694641,1
3.0,0.6,0.0,0.0,50.0,-1,-1.0,-1,-1.0,468.0,22.68,1,0,0,1.098612289001443,-0.5108256220993241,-20.72326583694641,-20.72326583694641,1
3.0,0.6,0.0,0.0,50.0,-1,-1.0,450,2.0,,35.3,1,0,1,1.098612289001443,-0.5108256220993241,-20.72326583694641,-20.72326583694641,2
3.0,0.6,0.0,0.0,70.0,-1,-1.0,-1,-1.0,614.0,23.39,1,0,0,1.098612289001443,-0.5108256220993241,-20.72326583694641,-20.72326583694641,1
3.0,0.6,0.0,0.0,70.0,-1,-1.0,450,2.0,696.0,40.54,1,0,1,1.098612289001443,-0.5108256220993241,-20.72326583694641,-20.72326583694641,2
3.0,0.6,0.0,0.0,90.0,-1,-1.0,-1,-1.0,643.0,22.37,1,0,0,1.098612289001443,-0.5108256220993241,-20.72326583694641,-20.72326583694641,1
3.0,0.6,0.0,0.0,90.0,-1,-1.0,450,2.0,519.0,49.4,1,0,1,1.098612289001443,-0.5108256220993241,-20.72326583694641,-20.72326583694641,2
3.0,0.6,0.0,0.0,-1.0,-1,-1.0,-1,-1.0,304.0,23.55,0,0,0,1.098612289001443,-0.5108256220993241,-20.72326583694641,-20.72326583694641,0
3.0,0.6,0.0,0.0,70.0,950,1.0,450,2.0,,40.3,1,1,1,1.098612289001443,-0.5108256220993241,-20.72326583694641,-20.72326583694641,3
3.0,0.6,0.0,0.0,70.0,950,1.0,450,2.0,561.0,36.6,1,1,1,1.098612289001443,-0.5108256220993241,-20.72326583694641,-20.72326583694641,3
3.0,0.6,0.0,0.0,-1.0,-1,-1.0,-1,-1.0,281.0,17.52,0,0,0,1.098612289001443,-0.5108256220993241,-20.72326583694641,-20.72326583694641,0
3.0,0.6,0.0,0.0,-1.0,-1,-1.0,450,12.0,477.0,25.73,0,0,1,1.098612289001443,-0.5108256220993241,-20.72326583694641,-20.72326583694641,1
3.0,0.6,0.0,0.0,50.0,-1,-1.0,-1,-1.0,502.0,16.62,1,0,0,1.098612289001443,-0.5108256220993241,-20.72326583694641,-20.72326583694641,1
3.0,0.6,0.0,0.0,50.0,-1,-1.0,450,2.0,,23.23,1,0,1,1.098612289001443,-0.5108256220993241,-20.72326583694641,-20.72326583694641,2
3.0,0.6,0.0,0.0,70.0,-1,-1.0,-1,-1.0,588.0,16.53,1,0,0,1.098612289001443,-0.5108256220993241,-20.72326583694641,-20.72326583694641,1
3.0,0.6,0.0,0.0,70.0,-1,-1.0,450,2.0,737.0,24.33,1,0,1,1.098612289001443,-0.5108256220993241,-20.72326583694641,-20.72326583694641,2
3.0,0.6,0.0,0.0,90.0,-1,-1.0,-1,-1.0,632.0,16.79,1,0,0,1.098612289001443,-0.5108256220993241,-20.72326583694641,-20.72326583694641,1
3.0,0.6,0.0,0.0,90.0,-1,-1.0,450,2.0,599.0,28.66,1,0,1,1.098612289001443,-0.5108256220993241,-20.72326583694641,-20.72326583694641,2
3.0,0.6,0.0,0.0,70.0,950,1.0,450,2.0,,25.21,1,1,1,1.098612289001443,-0.5108256220993241,-20.72326583694641,-20.72326583694641,3
3.0,0.6,0.0,0.0,70.0,950,1.0,450,2.0,512.0,23.94,1,1,1,1.098612289001443,-0.5108256220993241,-20.72326583694641,-20.72326583694641,3
2.79,0.58,0.0,0.0,-1.0,-1,-1.0,-1,-1.0,318.0,23.2,0,0,0,1.026041596191697,-0.5447271737175342,-20.72326583694641,-20.72326583694641,0
2.79,0.58,0.0,0.0,-1.0,-1,-1.0,-1,-1.0,328.0,24.3,0,0,0,1.026041596191697,-0.5447271737175342,-20.72326583694641,-20.72326583694641,0
2.79,0.58,0.0,0.0,-1.0,-1,-1.0,-1,-1.0,274.0,21.7,0,0,0,1.026041596191697,-0.5447271737175342,-20.72326583694641,-20.72326583694641,0
2.79,0.58,0.0,0.0,-1.0,-1,-1.0,-1,-1.0,233.0,20.3,0,0,0,1.026041596191697,-0.5447271737175342,-20.72326583694641,-20.72326583694641,0
2.79,0.58,0.0,0.0,-1.0,900,1.0,-1,-1.0,184.0,19.1,0,1,0,1.026041596191697,-0.5447271737175342,-20.72326583694641,-20.72326583694641,1
2.79,0.58,0.0,0.0,25.0,-1,-1.0,-1,-1.0,302.0,21.5,1,0,0,1.026041596191697,-0.5447271737175342,-20.72326583694641,-20.72326583694641,1
2.79,0.58,0.0,0.0,50.0,-1,-1.0,-1,-1.0,379.0,21.0,1,0,0,1.026041596191697,-0.5447271737175342,-20.72326583694641,-20.72326583694641,1
2.79,0.58,0.0,0.0,75.0,-1,-1.0,-1,-1.0,447.0,21.8,1,0,0,1.026041596191697,-0.5447271737175342,-20.72326583694641,-20.72326583694641,1
2.79,0.58,0.0,0.0,97.5,-1,-1.0,-1,-1.0,601.0,22.3,1,0,0,1.026041596191697,-0.5447271737175342,-20.72326583694641,-20.72326583694641,1
2.79,0.58,0.0,0.0,97.5,-1,-1.0,450,1.0,758.0,54.5,1,0,1,1.026041596191697,-0.5447271737175342,-20.72326583694641,-20.72326583694641,2
2.63,0.58,0.0,0.0,50.0,-1,-1.0,-1,-1.0,734.0,,1,0,0,0.9669838465699012,-0.5447271737175342,-20.72326583694641,-20.72326583694641,1
2.63,0.58,0.0,0.0,50.0,-1,-1.0,-1,-1.0,726.7,,1,0,0,0.9669838465699012,-0.5447271737175342,-20.72326583694641,-20.72326583694641,1
2.63,0.58,0.0,0.0,50.0,-1,-1.0,-1,-1.0,733.2,,1,0,0,0.9669838465699012,-0.5447271737175342,-20.72326583694641,-20.72326583694641,1
2.63,0.58,0.0,0.0,65.0,-1,-1.0,-1,-1.0,685.0,,1,0,0,0.9669838465699012,-0.5447271737175342,-20.72326583694641,-20.72326583694641,1
2.63,0.58,0.0,0.0,65.0,-1,-1.0,-1,-1.0,690.1,,1,0,0,0.9669838465699012,-0.5447271737175342,-20.72326583694641,-20.72326583694641,1
2.63,0.58,0.0,0.0,65.0,-1,-1.0,-1,-1.0,684.1,,1,0,0,0.9669838465699012,-0.5447271737175342,-20.72326583694641,-20.72326583694641,1
2.63,0.58,0.0,0.0,50.0,-1,-1.0,460,3.0,574.0,39.02,1,0,1,0.9669838465699012,-0.5447271737175342,-20.72326583694641,-20.72326583694641,2
2.63,0.58,0.0,0.0,50.0,-1,-1.0,460,3.0,579.2,39.02,1,0,1,0.9669838465699012,-0.5447271737175342,-20.72326583694641,-20.72326583694641,2
2.63,0.58,0.0,0.0,50.0,-1,-1.0,460,3.0,576.1,39.02,1,0,1,0.9669838465699012,-0.5447271737175342,-20.72326583694641,-20.72326583694641,2
2.63,0.58,0.0,0.0,50.0,-1,-1.0,480,3.0,620.8,41.25,1,0,1,0.9669838465699012,-0.5447271737175342,-20.72326583694641,-20.72326583694641,2
2.63,0.58,0.0,0.0,50.0,-1,-1.0,480,3.0,621.8,41.25,1,0,1,0.9669838465699012,-0.5447271737175342,-20.72326583694641,-20.72326583694641,2
2.63,0.58,0.0,0.0,50.0,-1,-1.0,480,3.0,622.0,41.25,1,0,1,0.9669838465699012,-0.5447271737175342,-20.72326583694641,-20.72326583694641,2
2.63,0.58,0.0,0.0,50.0,-1,-1.0,500,3.0,608.9,42.28,1,0,1,0.9669838465699012,-0.5447271737175342,-20.72326583694641,-20.72326583694641,2
2.63,0.58,0.0,0.0,50.0,-1,-1.0,500,3.0,612.2,42.28,1,0,1,0.9669838465699012,-0.5447271737175342,-20.72326583694641,-20.72326583694641,2
2.63,0.58,0.0,0.0,50.0,-1,-1.0,500,3.0,604.7,42.28,1,0,1,0.9669838465699012,-0.5447271737175342,-20.72326583694641,-20.72326583694641,2
2.63,0.58,0.0,0.0,65.0,-1,-1.0,460,3.0,707.7,41.25,1,0,1,0.9669838465699012,-0.5447271737175342,-20.72326583694641,-20.72326583694641,2
2.63,0.58,0.0,0.0,65.0,-1,-1.0,460,3.0,709.1,41.25,1,0,1,0.9669838465699012,-0.5447271737175342,-20.72326583694641,-20.72326583694641,2
2.63,0.58,0.0,0.0,65.0,-1,-1.0,460,3.0,709.3,41.25,1,0,1,0.9669838465699012,-0.5447271737175342,-20.72326583694641,-20.72326583694641,2
2.63,0.58,0.0,0.0,65.0,-1,-1.0,480,3.0,648.3,43.31,1,0,1,0.9669838465699012,-0.5447271737175342,-20.72326583694641,-20.72326583694641,2
2.63,0.58,0.0,0.0,65.0,-1,-1.0,480,3.0,650.0,43.31,1,0,1,0.9669838465699012,-0.5447271737175342,-20.72326583694641,-20.72326583694641,2
2.63,0.58,0.0,0.0,65.0,-1,-1.0,480,3.0,649.4,43.31,1,0,1,0.9669838465699012,-0.5447271737175342,-20.72326583694641,-20.72326583694641,2
2.63,0.58,0.0,0.0,65.0,-1,-1.0,500,3.0,637.9,45.01,1,0,1,0.9669838465699012,-0.5447271737175342,-20.72326583694641,-20.72326583694641,2
2.63,0.58,0.0,0.0,65.0,-1,-1.0,500,3.0,637.0,45.01,1,0,1,0.9669838465699012,-0.5447271737175342,-20.72326583694641,-20.72326583694641,2
2.63,0.58,0.0,0.0,65.0,-1,-1.0,500,3.0,638.7,45.01,1,0,1,0.9669838465699012,-0.5447271737175342,-20.72326583694641,-20.72326583694641,2
2.63,0.58,0.0,0.0,50.0,-1,-1.0,500,3.0,650.0,45.0,1,0,1,0.9669838465699012,-0.5447271737175342,-20.72326583694641,-20.72326583694641,2
3.2,0.75,0.0,0.0,-1.0,-1,-1.0,-1,-1.0,198.0,21.2,0,0,0,1.163150810118181,-0.2876820711184476,-20.72326583694641,-20.72326583694641,0
3.2,0.75,0.0,0.0,-1.0,-1,-1.0,-1,-1.0,220.0,17.4,0,0,0,1.163150810118181,-0.2876820711184476,-20.72326583694641,-20.72326583694641,0
3.2,0.75,0.0,0.0,-1.0,900,1.0,-1,-1.0,100.0,16.1,0,1,0,1.163150810118181,-0.2876820711184476,-20.72326583694641,-20.72326583694641,1
3.2,0.75,0.0,0.0,90.0,-1,-1.0,-1,-1.0,553.0,13.2,1,0,0,1.163150810118181,-0.2876820711184476,-20.72326583694641,-20.72326583694641,1
3.2,0.75,0.0,0.0,90.0,-1,-1.0,450,4.0,711.0,43.2,1,0,1,1.163150810118181,-0.2876820711184476,-20.72326583694641,-20.72326583694641,2
3.2,0.75,0.0,0.0,90.0,-1,-1.0,450,6.0,630.0,44.88,1,0,1,1.163150810118181,-0.2876820711184476,-20.72326583694641,-20.72326583694641,2
3.2,0.75,0.06,0.0,-1.0,-1,-1.0,-1,-1.0,217.0,19.6,0,0,0,1.163150810118181,-0.2876820711184476,-2.81341070009337,-20.72326583694641,0
3.2,0.75,0.06,0.0,-1.0,950,1.0,-1,-1.0,,18.0,0,1,0,1.163150810118181,-0.2876820711184476,-2.81341070009337,-20.72326583694641,1
3.2,0.75,0.06,0.0,90.0,-1,-1.0,450,1.0,747.0,44.9,1,0,1,1.163150810118181,-0.2876820711184476,-2.81341070009337,-20.72326583694641,2
4.95,1.19,0.0,0.0,-1.0,950,1.0,450,4.0,,49.0,0,1,1,1.599387576782619,0.1739533079637742,-20.72326583694641,-20.72326583694641,2
4.7,1.1,0.0,0.0,-1.0,950,1.0,450,4.0,,51.0,0,1,1,1.547562508928779,0.0953101807134159,-20.72326583694641,-20.72326583694641,2
4.5,1.1,0.0,0.0,-1.0,950,1.0,450,4.0,,51.0,0,1,1,1.504077396998496,0.0953101807134159,-20.72326583694641,-20.72326583694641,2
4.2,1.1,0.0,0.0,-1.0,950,1.0,450,4.0,,51.0,0,1,1,1.435084525527418,0.0953101807134159,-20.72326583694641,-20.72326583694641,2
4.0,0.9,0.0,0.0,-1.0,950,1.0,450,4.0,,52.0,0,1,1,1.386294361369891,-0.1053605145467152,-20.72326583694641,-20.72326583694641,2
3.6,0.9,0.0,0.0,-1.0,950,1.0,450,4.0,,51.0,0,1,1,1.280933845739842,-0.1053605145467152,-20.72326583694641,-20.72326583694641,2
3.3,0.8,0.0,0.0,-1.0,950,1.0,450,4.0,,50.0,0,1,1,1.193922468775465,-0.2231435500642097,-20.72326583694641,-20.72326583694641,2
3.1,0.8,0.0,0.0,-1.0,950,1.0,450,4.0,,51.0,0,1,1,1.131402111813681,-0.2231435500642097,-20.72326583694641,-20.72326583694641,2
2.6,0.6,0.0,0.0,-1.0,950,1.0,450,4.0,,39.0,0,1,1,0.9555114454120518,-0.5108256220993241,-20.72326583694641,-20.72326583694641,2
2.1,0.5,0.0,0.0,-1.0,950,1.0,450,4.0,,40.0,0,1,1,0.7419373452055679,-0.6931471785599453,-20.72326583694641,-20.72326583694641,2
1.5,0.4,0.0,0.0,-1.0,950,1.0,450,4.0,,48.0,0,1,1,0.4054651087748311,-0.9162907293741548,-20.72326583694641,-20.72326583694641,2
3.52,0.93,0.0,0.0,-1.0,950,1.0,450,4.0,,35.0,0,1,1,1.258460989894097,-0.0725706917595666,-20.72326583694641,-20.72326583694641,2
3.11,0.75,0.0,0.0,-1.0,950,1.0,450,4.0,,51.0,0,1,1,1.134622726512686,-0.2876820711184476,-20.72326583694641,-20.72326583694641,2
2.59,0.62,0.0,0.0,-1.0,950,1.0,450,4.0,,35.0,0,1,1,0.9516578760975468,-0.4780357993300967,-20.72326583694641,-20.72326583694641,2
1.55,0.37,0.0,0.0,-1.0,950,1.0,450,4.0,,48.0,0,1,1,0.4382549315763166,-0.9942522706411642,-20.72326583694641,-20.72326583694641,2
3.75,0.8,0.0,0.0,-1.0,950,1.0,450,4.0,,32.5,0,1,1,1.321755840248986,-0.2231435500642097,-20.72326583694641,-20.72326583694641,2
3.33,0.64,0.0,0.0,-1.0,950,1.0,450,4.0,,41.0,0,1,1,1.202972304292653,-0.4462871010659195,-20.72326583694641,-20.72326583694641,2
2.78,0.53,0.0,0.0,-1.0,950,1.0,450,4.0,,38.0,0,1,1,1.022450928062258,-0.6348782705491771,-20.72326583694641,-20.72326583694641,2
2.2,0.41,0.0,0.0,-1.0,950,1.0,450,4.0,,41.0,0,1,1,0.7884573608188158,-0.8915981168447592,-20.72326583694641,-20.72326583694641,2
1.66,0.32,0.0,0.0,-1.0,950,1.0,450,4.0,,48.0,0,1,1,0.5068176029708615,-1.139434280063365,-20.72326583694641,-20.72326583694641,2
4.02,0.7,0.0,0.0,-1.0,950,1.0,450,4.0,,30.0,0,1,1,1.391281902879686,-0.3566749425101611,-20.72326583694641,-20.72326583694641,2
3.5,0.56,0.0,0.0,-1.0,950,1.0,450,4.0,,33.0,0,1,1,1.252762968781082,-0.5798184934672278,-20.72326583694641,-20.72326583694641,2
2.91,0.46,0.0,0.0,-1.0,950,1.0,450,4.0,,36.0,0,1,1,1.068153081527044,-0.7765287873250832,-20.72326583694641,-20.72326583694641,2
2.31,0.36,0.0,0.0,-1.0,950,1.0,450,4.0,,39.0,0,1,1,0.8372475249666027,-1.021651244754204,-20.72326583694641,-20.72326583694641,2
1.74,0.28,0.0,0.0,-1.0,950,1.0,450,4.0,,47.0,0,1,1,0.5538851138011504,-1.272965672241459,-20.72326583694641,-20.72326583694641,2
1.0,0.25,0.0,0.0,-1.0,-1,-1.0,-1,-1.0,,36.2,0,0,0,1.000000082240371e-09,-1.38629435711989,-20.72326583694641,-20.72326583694641,0
3.2,0.75,0.0,0.0,-1.0,-1,-1.0,-1,-1.0,,34.2,0,0,0,1.163150810118181,-0.2876820711184476,-20.72326583694641,-20.72326583694641,0
2.5,0.52,0.0,0.0,10.0,-1,-1.0,-1,-1.0,348.2,16.22,1,0,0,0.9162907322741553,-0.6539264654835871,-20.72326583694641,-20.72326583694641,1
2.5,0.52,0.0,0.0,20.0,-1,-1.0,-1,-1.0,391.5,16.42,1,0,0,0.9162907322741553,-0.6539264654835871,-20.72326583694641,-20.72326583694641,1
2.5,0.52,0.0,0.0,30.0,-1,-1.0,-1,-1.0,431.6,16.62,1,0,0,0.9162907322741553,-0.6539264654835871,-20.72326583694641,-20.72326583694641,1
2.5,0.52,0.0,0.0,40.0,-1,-1.0,-1,-1.0,443.3,16.82,1,0,0,0.9162907322741553,-0.6539264654835871,-20.72326583694641,-20.72326583694641,1
2.5,0.52,0.0,0.0,50.0,-1,-1.0,-1,-1.0,450.5,17.02,1,0,0,0.9162907322741553,-0.6539264654835871,-20.72326583694641,-20.72326583694641,1
2.5,0.52,0.0,0.0,60.0,-1,-1.0,-1,-1.0,481.5,17.22,1,0,0,0.9162907322741553,-0.6539264654835871,-20.72326583694641,-20.72326583694641,1
2.5,0.52,0.0,0.0,60.0,-1,-1.0,460,4.0,790.0,45.0,1,0,1,0.9162907322741553,-0.6539264654835871,-20.72326583694641,-20.72326583694641,2
2.5,0.52,0.0,0.0,60.0,-1,-1.0,480,4.0,750.0,48.0,1,0,1,0.9162907322741553,-0.6539264654835871,-20.72326583694641,-20.72326583694641,2
2.5,0.52,0.0,0.0,60.0,-1,-1.0,500,4.0,696.0,50.0,1,0,1,0.9162907322741553,-0.6539264654835871,-20.72326583694641,-20.72326583694641,2
2.77,0.65,0.0,0.0,-1.0,-1,-1.0,-1,-1.0,,,0,0,0,1.018847320560258,-0.4307829145539927,-20.72326583694641,-20.72326583694641,0
2.77,0.65,0.0,0.0,-1.0,900,0.0083,-1,-1.0,377.0,24.0,0,1,0,1.018847320560258,-0.4307829145539927,-20.72326583694641,-20.72326583694641,1
2.77,0.65,0.0,0.0,-1.0,900,0.0167,-1,-1.0,238.0,19.0,0,1,0,1.018847320560258,-0.4307829145539927,-20.72326583694641,-20.72326583694641,1
2.77,0.65,0.0,0.0,-1.0,900,0.025,-1,-1.0,220.0,18.0,0,1,0,1.018847320560258,-0.4307829145539927,-20.72326583694641,-20.72326583694641,1
2.77,0.65,0.0,0.0,-1.0,900,0.0333,-1,-1.0,206.0,17.0,0,1,0,1.018847320560258,-0.4307829145539927,-20.72326583694641,-20.72326583694641,1
0.0,0.0,0.0,0.0,-1.0,-1,-1.0,-1,-1.0,,17.2,0,0,0,-20.72326583694641,-20.72326583694641,-20.72326583694641,-20.72326583694641,0
0.0,0.0,0.0,0.0,-1.0,960,2.0,-1,-1.0,,10.5,0,1,0,-20.72326583694641,-20.72326583694641,-20.72326583694641,-20.72326583694641,1
2.8,0.7,0.0,0.0,-1.0,-1,-1.0,-1,-1.0,,20.4,0,0,0,1.029619417538301,-0.3566749425101611,-20.72326583694641,-20.72326583694641,0
2.8,0.7,0.0,0.0,-1.0,960,2.0,-1,-1.0,,14.8,0,1,0,1.029619417538301,-0.3566749425101611,-20.72326583694641,-20.72326583694641,1
2.8,0.9,0.0,0.0,-1.0,-1,-1.0,-1,-1.0,,15.1,0,0,0,1.029619417538301,-0.1053605145467152,-20.72326583694641,-20.72326583694641,0
2.8,0.9,0.0,0.0,-1.0,960,2.0,-1,-1.0,,12.9,0,1,0,1.029619417538301,-0.1053605145467152,-20.72326583694641,-20.72326583694641,1
2.8,0.56,0.0,0.0,-1.0,-1,-1.0,-1,-1.0,,23.7,0,0,0,1.029619417538301,-0.5798184934672278,-20.72326583694641,-20.72326583694641,0
2.8,0.56,0.0,0.0,-1.0,960,2.0,-1,-1.0,,12.3,0,1,0,1.029619417538301,-0.5798184934672278,-20.72326583694641,-20.72326583694641,1
0.0,0.0,0.0,0.0,-1.0,960,2.0,450,4.0,,88.0,0,1,1,-20.72326583694641,-20.72326583694641,-20.72326583694641,-20.72326583694641,2
2.8,0.7,0.0,0.0,-1.0,960,2.0,500,10.0,,47.4,0,1,1,1.029619417538301,-0.3566749425101611,-20.72326583694641,-20.72326583694641,2
2.8,0.9,0.0,0.0,-1.0,960,2.0,550,1.0,,42.5,0,1,1,1.029619417538301,-0.1053605145467152,-20.72326583694641,-20.72326583694641,2
2.8,0.56,0.0,0.0,-1.0,960,2.0,500,10.0,,41.5,0,1,1,1.029619417538301,-0.5798184934672278,-20.72326583694641,-20.72326583694641,2
1.7,0.5,0.0,0.0,-1.0,-1,-1.0,-1,-1.0,,25.43,0,0,0,0.5306282516504057,-0.6931471785599453,-20.72326583694641,-20.72326583694641,0
1.7,0.5,0.0,0.0,-1.0,700,1.0,-1,-1.0,,25.43,0,1,0,0.5306282516504057,-0.6931471785599453,-20.72326583694641,-20.72326583694641,1
1.7,0.5,0.0,0.0,-1.0,750,1.0,-1,-1.0,,24.25,0,1,0,0.5306282516504057,-0.6931471785599453,-20.72326583694641,-20.72326583694641,1
1.7,0.5,0.0,0.0,-1.0,800,1.0,-1,-1.0,,23.06,0,1,0,0.5306282516504057,-0.6931471785599453,-20.72326583694641,-20.72326583694641,1
1.7,0.5,0.0,0.0,-1.0,850,1.0,-1,-1.0,,21.99,0,1,0,0.5306282516504057,-0.6931471785599453,-20.72326583694641,-20.72326583694641,1
1.7,0.5,0.0,0.0,-1.0,900,1.0,-1,-1.0,,22.63,0,1,0,0.5306282516504057,-0.6931471785599453,-20.72326583694641,-20.72326583694641,1
1.7,0.5,0.0,0.0,-1.0,850,1.0,450,3.0,,33.54,0,1,1,0.5306282516504057,-0.6931471785599453,-20.72326583694641,-20.72326583694641,2
1.7,0.5,0.0,0.0,-1.0,850,1.0,500,3.0,,41.02,0,1,1,0.5306282516504057,-0.6931471785599453,-20.72326583694641,-20.72326583694641,2
1.7,0.5,0.0,0.0,-1.0,850,1.0,550,0.5,,40.35,0,1,1,0.5306282516504057,-0.6931471785599453,-20.72326583694641,-20.72326583694641,2
1.37,0.28,0.0,0.0,-1.0,700,0.5,-1,-1.0,,32.8,0,1,0,0.3148107405699607,-1.272965672241459,-20.72326583694641,-20.72326583694641,1
1.37,0.28,0.0,0.0,-1.0,720,0.5,-1,-1.0,,31.5,0,1,0,0.3148107405699607,-1.272965672241459,-20.72326583694641,-20.72326583694641,1
1.37,0.28,0.0,0.0,-1.0,740,0.5,-1,-1.0,,29.5,0,1,0,0.3148107405699607,-1.272965672241459,-20.72326583694641,-20.72326583694641,1
1.37,0.28,0.0,0.0,-1.0,760,0.5,-1,-1.0,,27.5,0,1,0,0.3148107405699607,-1.272965672241459,-20.72326583694641,-20.72326583694641,1
1.37,0.28,0.0,0.0,-1.0,780,0.5,-1,-1.0,,28.5,0,1,0,0.3148107405699607,-1.272965672241459,-20.72326583694641,-20.72326583694641,1
1.37,0.28,0.0,0.0,-1.0,760,0.5,420,2.0,375.0,38.5,0,1,1,0.3148107405699607,-1.272965672241459,-20.72326583694641,-20.72326583694641,2
1.37,0.28,0.0,0.0,-1.0,760,0.5,440,2.0,425.0,41.0,0,1,1,0.3148107405699607,-1.272965672241459,-20.72326583694641,-20.72326583694641,2
1.37,0.28,0.0,0.0,-1.0,760,0.5,460,2.0,480.0,43.0,0,1,1,0.3148107405699607,-1.272965672241459,-20.72326583694641,-20.72326583694641,2
1.37,0.28,0.0,0.0,-1.0,760,0.5,480,2.0,540.0,45.7,0,1,1,0.3148107405699607,-1.272965672241459,-20.72326583694641,-20.72326583694641,2
1.37,0.28,0.0,0.0,-1.0,760,0.5,500,2.0,528.0,46.5,0,1,1,0.3148107405699607,-1.272965672241459,-20.72326583694641,-20.72326583694641,2
1.37,0.28,0.0,0.0,-1.0,760,0.5,520,2.0,510.0,46.5,0,1,1,0.3148107405699607,-1.272965672241459,-20.72326583694641,-20.72326583694641,2
1.37,0.28,0.0,0.0,10.0,760,0.5,480,2.0,585.0,51.0,1,1,1,0.3148107405699607,-1.272965672241459,-20.72326583694641,-20.72326583694641,3
1.37,0.28,0.0,0.0,20.0,760,0.5,480,2.0,595.0,51.5,1,1,1,0.3148107405699607,-1.272965672241459,-20.72326583694641,-20.72326583694641,3
1.37,0.28,0.0,0.0,30.0,760,0.5,480,2.0,602.0,52.5,1,1,1,0.3148107405699607,-1.272965672241459,-20.72326583694641,-20.72326583694641,3
1.37,0.28,0.0,0.0,40.0,760,0.5,480,2.0,607.0,53.0,1,1,1,0.3148107405699607,-1.272965672241459,-20.72326583694641,-20.72326583694641,3
1.37,0.28,0.0,0.0,50.0,760,0.5,480,2.0,595.0,53.0,1,1,1,0.3148107405699607,-1.272965672241459,-20.72326583694641,-20.72326583694641,3
1.37,0.28,0.0,0.0,20.0,-1,-1.0,-1,-1.0,435.0,51.5,1,0,0,0.3148107405699607,-1.272965672241459,-20.72326583694641,-20.72326583694641,1
1.37,0.28,0.0,0.0,30.0,-1,-1.0,-1,-1.0,475.0,50.5,1,0,0,0.3148107405699607,-1.272965672241459,-20.72326583694641,-20.72326583694641,1
1.37,0.28,0.0,0.0,45.0,-1,-1.0,-1,-1.0,530.0,49.5,1,0,0,0.3148107405699607,-1.272965672241459,-20.72326583694641,-20.72326583694641,1
1.37,0.28,0.0,0.0,65.0,-1,-1.0,-1,-1.0,545.0,48.5,1,0,0,0.3148107405699607,-1.272965672241459,-20.72326583694641,-20.72326583694641,1
1.37,0.28,0.0,0.0,80.0,-1,-1.0,-1,-1.0,550.0,48.0,1,0,0,0.3148107405699607,-1.272965672241459,-20.72326583694641,-20.72326583694641,1
0.0,0.0,0.0,0.0,-1.0,-1,-1.0,-1,-1.0,,57.5,0,0,0,-20.72326583694641,-20.72326583694641,-20.72326583694641,-20.72326583694641,0
0.0,0.0,0.0,0.02,-1.0,-1,-1.0,-1,-1.0,,59.5,0,0,0,-20.72326583694641,-20.72326583694641,-20.72326583694641,-3.912022955428147,0
0.0,0.0,0.0,0.04,-1.0,-1,-1.0,-1,-1.0,,62.0,0,0,0,-20.72326583694641,-20.72326583694641,-20.72326583694641,-3.218875799868201,0
0.0,0.0,0.0,0.06,-1.0,-1,-1.0,-1,-1.0,,60.5,0,0,0,-20.72326583694641,-20.72326583694641,-20.72326583694641,-2.81341070009337,0
0.0,0.0,0.0,0.08,-1.0,-1,-1.0,-1,-1.0,,58.0,0,0,0,-20.72326583694641,-20.72326583694641,-20.72326583694641,-2.525728631808255,0
0.0,0.0,0.0,0.1,-1.0,-1,-1.0,-1,-1.0,,58.5,0,0,0,-20.72326583694641,-20.72326583694641,-20.72326583694641,-2.302585082994046,0
0.0,0.0,0.0,0.12,-1.0,-1,-1.0,-1,-1.0,,59.0,0,0,0,-20.72326583694641,-20.72326583694641,-20.72326583694641,-2.120263527866758,0
0.0,0.0,0.02,0.0,-1.0,-1,-1.0,-1,-1.0,,60.0,0,0,0,-20.72326583694641,-20.72326583694641,-3.912022955428147,-20.72326583694641,0
0.0,0.0,0.04,0.0,-1.0,-1,-1.0,-1,-1.0,,57.5,0,0,0,-20.72326583694641,-20.72326583694641,-3.218875799868201,-20.72326583694641,0
0.0,0.0,0.06,0.0,-1.0,-1,-1.0,-1,-1.0,,56.0,0,0,0,-20.72326583694641,-20.72326583694641,-2.81341070009337,-20.72326583694641,0
0.0,0.0,0.08,0.0,-1.0,-1,-1.0,-1,-1.0,,57.5,0,0,0,-20.72326583694641,-20.72326583694641,-2.525728631808255,-20.72326583694641,0
0.0,0.0,0.1,0.0,-1.0,-1,-1.0,-1,-1.0,,60.0,0,0,0,-20.72326583694641,-20.72326583694641,-2.302585082994046,-20.72326583694641,0
0.0,0.0,0.12,0.0,-1.0,-1,-1.0,-1,-1.0,,61.1,0,0,0,-20.72326583694641,-20.72326583694641,-2.120263527866758,-20.72326583694641,0
0.0,0.0,0.0,0.0,-1.0,-1,-1.0,-1,-1.0,,58.5,0,0,0,-20.72326583694641,-20.72326583694641,-20.72326583694641,-20.72326583694641,0
0.0,0.0,0.02,0.0,-1.0,-1,-1.0,-1,-1.0,213.0,61.0,0,0,0,-20.72326583694641,-20.72326583694641,-3.912022955428147,-20.72326583694641,0
0.0,0.0,0.04,0.0,-1.0,-1,-1.0,-1,-1.0,235.0,60.5,0,0,0,-20.72326583694641,-20.72326583694641,-3.218875799868201,-20.72326583694641,0
0.0,0.0,0.06,0.0,-1.0,-1,-1.0,-1,-1.0,245.0,60.0,0,0,0,-20.72326583694641,-20.72326583694641,-2.81341070009337,-20.72326583694641,0
0.0,0.0,0.08,0.0,-1.0,-1,-1.0,-1,-1.0,248.0,59.5,0,0,0,-20.72326583694641,-20.72326583694641,-2.525728631808255,-20.72326583694641,0
0.0,0.0,0.1,0.0,-1.0,-1,-1.0,-1,-1.0,241.0,59.0,0,0,0,-20.72326583694641,-20.72326583694641,-2.302585082994046,-20.72326583694641,0
0.0,0.0,0.0,0.0,-1.0,-1,-1.0,-1,-1.0,170.0,57.5,0,0,0,-20.72326583694641,-20.72326583694641,-20.72326583694641,-20.72326583694641,0
0.0,0.0,0.0,0.01,-1.0,-1,-1.0,-1,-1.0,180.0,59.5,0,0,0,-20.72326583694641,-20.72326583694641,-20.72326583694641,-4.605170085988096,0
0.0,0.0,0.0,0.02,-1.0,-1,-1.0,-1,-1.0,185.0,61.0,0,0,0,-20.72326583694641,-20.72326583694641,-20.72326583694641,-3.912022955428147,0
0.0,0.0,0.0,0.03,-1.0,-1,-1.0,-1,-1.0,183.0,60.5,0,0,0,-20.72326583694641,-20.72326583694641,-20.72326583694641,-3.506557863986649,0
0.0,0.0,0.0,0.04,-1.0,-1,-1.0,-1,-1.0,180.0,60.0,0,0,0,-20.72326583694641,-20.72326583694641,-20.72326583694641,-3.218875799868201,0
0.0,0.0,0.01,0.0,-1.0,-1,-1.0,-1,-1.0,182.0,60.0,0,0,0,-20.72326583694641,-20.72326583694641,-4.605170085988096,-20.72326583694641,0
0.0,0.0,0.02,0.0,-1.0,-1,-1.0,-1,-1.0,190.0,61.0,0,0,0,-20.72326583694641,-20.72326583694641,-3.912022955428147,-20.72326583694641,0
0.0,0.0,0.03,0.0,-1.0,-1,-1.0,-1,-1.0,188.0,60.5,0,0,0,-20.72326583694641,-20.72326583694641,-3.506557863986649,-20.72326583694641,0
0.0,0.0,0.04,0.0,-1.0,-1,-1.0,-1,-1.0,185.0,60.0,0,0,0,-20.72326583694641,-20.72326583694641,-3.218875799868201,-20.72326583694641,0
3.0,0.52,0.0,0.0,-1.0,-1,-1.0,-1,-1.0,,21.0,0,0,0,1.098612289001443,-0.6539264654835871,-20.72326583694641,-20.72326583694641,0
2.28,0.67,0.0,0.0,-1.0,-1,-1.0,-1,-1.0,192.0,20.6,0,0,0,0.8241754434049459,-0.400477565104588,-20.72326583694641,-20.72326583694641,0
2.22,0.73,0.0,0.0,-1.0,-1,-1.0,-1,-1.0,228.0,19.5,0,0,0,0.7975071963346386,-0.3147107434698373,-20.72326583694641,-20.72326583694641,0
2.34,0.58,0.0,0.0,-1.0,-1,-1.0,-1,-1.0,250.0,21.3,0,0,0,0.8501509297969605,-0.5447271737175342,-20.72326583694641,-20.72326583694641,0
1.5,0.6,0.0,0.0,-1.0,-1,-1.0,-1,-1.0,,27.0,0,0,0,0.4054651087748311,-0.5108256220993241,-20.72326583694641,-20.72326583694641,0
2.0,0.5,0.0,0.0,80.0,900,1.0,450,2.0,,41.0,1,1,1,0.6931471810599453,-0.6931471785599453,-20.72326583694641,-20.72326583694641,3
0.0,0.0,0.0,0.0,-1.0,-1,-1.0,-1,-1.0,145.0,,0,0,0,-20.72326583694641,-20.72326583694641,-20.72326583694641,-20.72326583694641,0
0.0,0.0,0.0,0.022,-1.0,-1,-1.0,-1,-1.0,155.0,,0,0,0,-20.72326583694641,-20.72326583694641,-20.72326583694641,-3.816712780169277,0
0.0,0.0,0.0,0.04,-1.0,-1,-1.0,-1,-1.0,158.0,,0,0,0,-20.72326583694641,-20.72326583694641,-20.72326583694641,-3.218875799868201,0
0.0,0.0,0.0,0.089,-1.0,-1,-1.0,-1,-1.0,155.0,,0,0,0,-20.72326583694641,-20.72326583694641,-20.72326583694641,-2.419118898014042,0
0.0,0.0,0.0,0.18,-1.0,-1,-1.0,-1,-1.0,169.0,,0,0,0,-20.72326583694641,-20.72326583694641,-20.72326583694641,-1.714798422536371,0
0.0,0.0,0.0,0.32,-1.0,-1,-1.0,-1,-1.0,188.0,,0,0,0,-20.72326583694641,-20.72326583694641,-20.72326583694641,-1.139434280063365,0
2.43,2.03,0.0,0.0,50.0,-1,-1.0,447,2.8,480.0,32.0,1,0,1,0.8878912577639798,0.7080357935463067,-20.72326583694641,-20.72326583694641,2
2.59,1.97,0.0,0.0,50.0,-1,-1.0,447,2.8,530.0,39.0,1,0,1,0.9516578760975468,0.6780335432575114,-20.72326583694641,-20.72326583694641,2
3.11,1.43,0.0,0.0,50.0,-1,-1.0,447,2.8,590.0,39.0,1,0,1,1.134622726512686,0.3576744449711166,-20.72326583694641,-20.72326583694641,2
2.8,0.6,0.0,0.0,95.0,-1,-1.0,450,1.0,886.0,42.4,1,0,1,1.029619417538301,-0.5108256220993241,-20.72326583694641,-20.72326583694641,2
2.8,0.6,0.0,0.0,95.0,-1,-1.0,450,1.0,752.0,50.8,1,0,1,1.029619417538301,-0.5108256220993241,-20.72326583694641,-20.72326583694641,2
2.8,0.6,0.0,0.0,95.0,-1,-1.0,-1,-1.0,710.0,19.8,1,0,0,1.029619417538301,-0.5108256220993241,-20.72326583694641,-20.72326583694641,1
2.8,0.6,0.0,0.0,95.0,-1,-1.0,-1,-1.0,601.0,22.3,1,0,0,1.029619417538301,-0.5108256220993241,-20.72326583694641,-20.72326583694641,1
2.8,0.6,0.0,0.0,-1.0,-1,-1.0,-1,-1.0,318.0,20.2,0,0,0,1.029619417538301,-0.5108256220993241,-20.72326583694641,-20.72326583694641,0
0.0,0.0,0.0,0.0,-1.0,-1,-1.0,-1,-1.0,428.0,98.0,0,0,0,-20.72326583694641,-20.72326583694641,-20.72326583694641,-20.72326583694641,0
3.91,0.93,0.0,0.0,-1.0,950,1.0,450,4.0,,52.0,0,1,1,1.363537374253029,-0.0725706917595666,-20.72326583694641,-20.72326583694641,2
4.0,1.0,0.0,0.0,-1.0,980,1.0,450,1.0,500.0,47.0,0,1,1,1.386294361369891,1.000000082240371e-09,-20.72326583694641,-20.72326583694641,2
4.0,1.0,0.0,0.0,0.95,980,1.0,450,6.0,1170.0,31.0,1,1,1,1.386294361369891,1.000000082240371e-09,-20.72326583694641,-20.72326583694641,3
4.0,1.0,0.0,0.0,0.95,980,1.0,450,6.0,1088.0,38.0,1,1,1,1.386294361369891,1.000000082240371e-09,-20.72326583694641,-20.72326583694641,3
4.0,1.0,0.0,0.0,0.95,980,1.0,450,24.0,1044.0,40.0,1,1,1,1.386294361369891,1.000000082240371e-09,-20.72326583694641,-20.72326583694641,3
4.0,1.0,0.0,0.0,0.95,980,1.0,450,1.0,820.0,46.0,1,1,1,1.386294361369891,1.000000082240371e-09,-20.72326583694641,-20.72326583694641,3
2.32,0.54,0.0,0.0,0.98,-1,-1.0,400,2.0,603.0,,1,0,1,0.8415671861092531,-0.6161861375719652,-20.72326583694641,-20.72326583694641,2
2.58,0.46,0.0,0.0,-1.0,-1,-1.0,-1,-1.0,380.0,40.5,0,0,0,0.947789399321123,-0.7765287873250832,-20.72326583694641,-20.72326583694641,0
2.58,0.46,0.0,0.0,0.9,900,1.0,450,1.5,755.0,47.0,1,1,1,0.947789399321123,-0.7765287873250832,-20.72326583694641,-20.72326583694641,3
2.58,0.46,0.0,0.0,0.9,900,1.0,500,1.5,,50.0,1,1,1,0.947789399321123,-0.7765287873250832,-20.72326583694641,-20.72326583694641,3
2.58,0.46,0.0,0.0,0.9,900,1.0,550,1.5,,49.0,1,1,1,0.947789399321123,-0.7765287873250832,-20.72326583694641,-20.72326583694641,3
